_id,version,acc,avg_pre,avg_recall,avg_f1
666d2a8024b1d4e6114ddc55,6,0.5410107705053853,0.5605545631708753,0.5249886095887418,0.5249764458330665
